{"cameraMode":{"drawMode":0,"name":"Shaded","section":"Shading Mode"},"sceneLighting":true,"audioPlay":false,"sceneViewState":{"showFog":false,"showMaterialUpdate":false,"showSkybox":false,"showFlares":false,"showImageEffects":false,"showParticleSystems":false},"in2DMode":false,"pivot":{"x":21.11855697631836,"y":9.078890800476075,"z":-16.147764205932618},"rotation":{"x":0.23363733291625977,"y":0.003486820962280035,"z":-0.0008373360033147037,"w":0.9723172187805176},"size":8.201419830322266,"orthographic":false}